{
  "accuracy": 0.7487579843860894,
  "f1": 0.6273684210526316
}